Scenario,Total Rounds,Final Avg Param,Mean |Δ|,Std Param
config,10,-0.0084000793285667,0.006500167762472529,0.007771535849785377
devices_10,20,-2.985645551234484e-06,0.002068520755356166,0.0016577503579357396
devices_5,20,-0.0026487998431548,0.0025456629714019235,0.0030562046047672717
partition_3_2,20,-0.0001216276238361,0.001518147400735625,0.0014370469229112192
partition_equal,20,0.017746748868376,0.007454619032796489,0.004581072781622589
threshold_01,20,-0.0032155104679532,0.00214282767190448,0.0012832494085137439
threshold_05,20,0.0074731111526489,0.00115972237739091,0.0011648816942166041
